"0","fx_dir = list.files(path=""~/Dropbox (Moffitt Cancer Center)/SPATIAL_TRANSCRIPTOMICS/code/spatialGE/R"", full.names=T)"
"0","fx_dir = grep("".R$"", fx_dir, value=T)"
"0","sapply(fx_dir, FUN=source)"
"1","       "
"1"," /Users/4472525/Dropbox (Moffitt Cancer Center)/SPATIAL_TRANSCRIPTOMICS/code/spatialGE/R/bulk_pca.R"
"1"," /Users/4472525/Dropbox (Moffitt Cancer Center)/SPATIAL_TRANSCRIPTOMICS/code/spatialGE/R/cell_geary_C.R"
"1","
value  "
"1"," ?                                                                                                 "
"1"," ?                                                                                                     "
"1","
visible"
"1"," FALSE                                                                                             "
"1"," FALSE                                                                                                 "
"1","
"
"1","       "
"1"," /Users/4472525/Dropbox (Moffitt Cancer Center)/SPATIAL_TRANSCRIPTOMICS/code/spatialGE/R/cell_getis_Gi.R"
"1"," /Users/4472525/Dropbox (Moffitt Cancer Center)/SPATIAL_TRANSCRIPTOMICS/code/spatialGE/R/cell_moran_I.R"
"1","
value  "
"1"," ?                                                                                                      "
"1"," ?                                                                                                     "
"1","
visible"
"1"," FALSE                                                                                                  "
"1"," FALSE                                                                                                 "
"1","
"
"1","       "
"1"," /Users/4472525/Dropbox (Moffitt Cancer Center)/SPATIAL_TRANSCRIPTOMICS/code/spatialGE/R/classDefinitions.R"
"1"," /Users/4472525/Dropbox (Moffitt Cancer Center)/SPATIAL_TRANSCRIPTOMICS/code/spatialGE/R/deconv_krige.R"
"1","
value  "
"1"," ""dim""                                                                                                     "
"1"," ?                                                                                                     "
"1","
visible"
"1"," FALSE                                                                                                     "
"1"," FALSE                                                                                                 "
"1","
"
"1","       "
"1"," /Users/4472525/Dropbox (Moffitt Cancer Center)/SPATIAL_TRANSCRIPTOMICS/code/spatialGE/R/detect_input.R"
"1"," /Users/4472525/Dropbox (Moffitt Cancer Center)/SPATIAL_TRANSCRIPTOMICS/code/spatialGE/R/filter_ST.R"
"1","
value  "
"1"," ?                                                                                                     "
"1"," ?                                                                                                  "
"1","
visible"
"1"," FALSE                                                                                                 "
"1"," FALSE                                                                                              "
"1","
"
"1","       "
"1"," /Users/4472525/Dropbox (Moffitt Cancer Center)/SPATIAL_TRANSCRIPTOMICS/code/spatialGE/R/gene_geary_C.R"
"1"," /Users/4472525/Dropbox (Moffitt Cancer Center)/SPATIAL_TRANSCRIPTOMICS/code/spatialGE/R/gene_getis_Gi.R"
"1","
value  "
"1"," ?                                                                                                     "
"1"," ?                                                                                                      "
"1","
visible"
"1"," FALSE                                                                                                 "
"1"," FALSE                                                                                                  "
"1","
"
"1","       "
"1"," /Users/4472525/Dropbox (Moffitt Cancer Center)/SPATIAL_TRANSCRIPTOMICS/code/spatialGE/R/gene_krige.R"
"1"," /Users/4472525/Dropbox (Moffitt Cancer Center)/SPATIAL_TRANSCRIPTOMICS/code/spatialGE/R/gene_moran_I.R"
"1","
value  "
"1"," ?                                                                                                   "
"1"," ?                                                                                                     "
"1","
visible"
"1"," FALSE                                                                                               "
"1"," FALSE                                                                                                 "
"1","
"
"1","       "
"1"," /Users/4472525/Dropbox (Moffitt Cancer Center)/SPATIAL_TRANSCRIPTOMICS/code/spatialGE/R/genedups.R"
"1"," /Users/4472525/Dropbox (Moffitt Cancer Center)/SPATIAL_TRANSCRIPTOMICS/code/spatialGE/R/import_geomx.R"
"1","
value  "
"1"," ?                                                                                                 "
"1"," ?                                                                                                     "
"1","
visible"
"1"," FALSE                                                                                             "
"1"," FALSE                                                                                                 "
"1","
"
"1","       "
"1"," /Users/4472525/Dropbox (Moffitt Cancer Center)/SPATIAL_TRANSCRIPTOMICS/code/spatialGE/R/import_visium.R"
"1"," /Users/4472525/Dropbox (Moffitt Cancer Center)/SPATIAL_TRANSCRIPTOMICS/code/spatialGE/R/krige_helpers.R"
"1","
value  "
"1"," ?                                                                                                      "
"1"," ?                                                                                                      "
"1","
visible"
"1"," FALSE                                                                                                  "
"1"," FALSE                                                                                                  "
"1","
"
"1","       "
"1"," /Users/4472525/Dropbox (Moffitt Cancer Center)/SPATIAL_TRANSCRIPTOMICS/code/spatialGE/R/krige_p_purity.R"
"1"," /Users/4472525/Dropbox (Moffitt Cancer Center)/SPATIAL_TRANSCRIPTOMICS/code/spatialGE/R/krige_p_pvals.R"
"1","
value  "
"1"," ?                                                                                                       "
"1"," ?                                                                                                      "
"1","
visible"
"1"," FALSE                                                                                                   "
"1"," FALSE                                                                                                  "
"1","
"
"1","       "
"1"," /Users/4472525/Dropbox (Moffitt Cancer Center)/SPATIAL_TRANSCRIPTOMICS/code/spatialGE/R/plot_deconv_krige.R"
"1","
value  "
"1"," ?                                                                                                          "
"1","
visible"
"1"," FALSE                                                                                                      "
"1","
"
"1","       "
"1"," /Users/4472525/Dropbox (Moffitt Cancer Center)/SPATIAL_TRANSCRIPTOMICS/code/spatialGE/R/plot_deconv_quilt.R"
"1","
value  "
"1"," ?                                                                                                          "
"1","
visible"
"1"," FALSE                                                                                                      "
"1","
"
"1","       "
"1"," /Users/4472525/Dropbox (Moffitt Cancer Center)/SPATIAL_TRANSCRIPTOMICS/code/spatialGE/R/plot_gene_krige.R"
"1"," /Users/4472525/Dropbox (Moffitt Cancer Center)/SPATIAL_TRANSCRIPTOMICS/code/spatialGE/R/plot_gene_quilt.R"
"1","
value  "
"1"," ?                                                                                                        "
"1"," ?                                                                                                        "
"1","
visible"
"1"," FALSE                                                                                                    "
"1"," FALSE                                                                                                    "
"1","
"
"1","       "
"1"," /Users/4472525/Dropbox (Moffitt Cancer Center)/SPATIAL_TRANSCRIPTOMICS/code/spatialGE/R/plot_helpers.R"
"1"," /Users/4472525/Dropbox (Moffitt Cancer Center)/SPATIAL_TRANSCRIPTOMICS/code/spatialGE/R/plot_QC_quilt.R"
"1","
value  "
"1"," ?                                                                                                     "
"1"," ?                                                                                                      "
"1","
visible"
"1"," FALSE                                                                                                 "
"1"," FALSE                                                                                                  "
"1","
"
"1","       "
"1"," /Users/4472525/Dropbox (Moffitt Cancer Center)/SPATIAL_TRANSCRIPTOMICS/code/spatialGE/R/plot_QCstats.R"
"1"," /Users/4472525/Dropbox (Moffitt Cancer Center)/SPATIAL_TRANSCRIPTOMICS/code/spatialGE/R/plot_STclusters.R"
"1","
value  "
"1"," ?                                                                                                     "
"1"," ?                                                                                                        "
"1","
visible"
"1"," FALSE                                                                                                 "
"1"," FALSE                                                                                                    "
"1","
"
"1","       "
"1"," /Users/4472525/Dropbox (Moffitt Cancer Center)/SPATIAL_TRANSCRIPTOMICS/code/spatialGE/R/spatial_cibersort.R"
"1","
value  "
"1"," ?                                                                                                          "
"1","
visible"
"1"," FALSE                                                                                                      "
"1","
"
"1","       "
"1"," /Users/4472525/Dropbox (Moffitt Cancer Center)/SPATIAL_TRANSCRIPTOMICS/code/spatialGE/R/spatial_stat_plot.R"
"1"," /Users/4472525/Dropbox (Moffitt Cancer Center)/SPATIAL_TRANSCRIPTOMICS/code/spatialGE/R/spatial_xcell.R"
"1","
value  "
"1"," ?                                                                                                          "
"1"," ?                                                                                                      "
"1","
visible"
"1"," FALSE                                                                                                      "
"1"," FALSE                                                                                                  "
"1","
"
"1","       "
"1"," /Users/4472525/Dropbox (Moffitt Cancer Center)/SPATIAL_TRANSCRIPTOMICS/code/spatialGE/R/spatialDeconv.R"
"1"," /Users/4472525/Dropbox (Moffitt Cancer Center)/SPATIAL_TRANSCRIPTOMICS/code/spatialGE/R/spatialTransform.R"
"1","
value  "
"1"," ?                                                                                                      "
"1"," ?                                                                                                         "
"1","
visible"
"1"," FALSE                                                                                                  "
"1"," FALSE                                                                                                     "
"1","
"
"1","       "
"1"," /Users/4472525/Dropbox (Moffitt Cancer Center)/SPATIAL_TRANSCRIPTOMICS/code/spatialGE/R/STclust.R"
"1"," /Users/4472525/Dropbox (Moffitt Cancer Center)/SPATIAL_TRANSCRIPTOMICS/code/spatialGE/R/STList.R"
"1","
value  "
"1"," ?                                                                                                "
"1"," ?                                                                                               "
"1","
visible"
"1"," FALSE                                                                                            "
"1"," FALSE                                                                                           "
"1","
"
"1","       "
"1"," /Users/4472525/Dropbox (Moffitt Cancer Center)/SPATIAL_TRANSCRIPTOMICS/code/spatialGE/R/utils.R"
"1","
value  "
"1"," ?                                                                                              "
"1","
visible"
"1"," FALSE                                                                                          "
"1","
"
